<?xml version="1.0" encoding="UTF-8"?>
<beans xmlns="http://www.springframework.org/schema/beans"
 xmlns:context="http://www.springframework.org/schema/context"
 xmlns:mvc="http://www.springframework.org/schema/mvc" xmlns:xsi="http://www.w3.org/2001/XMLSchema-instance"
 xsi:schemaLocation=" http://www.springframework.org/schema/beans http://www.springframework.org/schema/beans/spring-beans-3.0.xsd http://www.springframework.org/schema/context http://www.springframework.org/schema/context/spring-context-3.0.xsd http://www.springframework.org/schema/mvc http://www.springframework.org/schema/mvc/spring-mvc-3.0.xsd">
 
    <mvc:annotation-driven />
 
 <context:component-scan base-package="com.spring.mvc" />
 
 <mvc:resources mapping="/css/**" location="/css/" />
 
 <mvc:resources mapping="/resources/**" location="/resources/" />
 
 <bean id="messageSource" class="org.springframework.context.support.ReloadableResourceBundleMessageSource">
  <property name="basename" value="classpath:messages" />
  <property name="defaultEncoding" value="UTF-8" />
 </bean>
 
 <mvc:interceptors>
  <bean class="org.springframework.web.servlet.i18n.LocaleChangeInterceptor">
   <property name="paramName" value="lang" />
  </bean>
 </mvc:interceptors>
 
 
 <bean id="localeResolver" class="org.springframework.web.servlet.i18n.SessionLocaleResolver">
  <property name="defaultLocale" value="en" />
 </bean>
 
 <bean class="org.springframework.web.servlet.view.InternalResourceViewResolver">
  <property name="prefix" value="/WEB-INF/jsp/" />
  <property name="suffix" value=".jsp" />
 </bean>
 
</beans>